dataset,split,num_samples,avg_question_words,avg_answer_words,avg_rationale_words,answer_type_distribution
gsm8k,train,6726,45.07,1.0,49.68,"{""numeric"": 6726}"
gsm8k,validation,747,45.26,1.0,50.0,"{""numeric"": 747}"
gsm8k,test,300,45.75,1.0,50.66,"{""numeric"": 300}"
svamp,train,630,31.6,1.0,5.89,"{""numeric"": 630}"
svamp,validation,70,32.46,1.0,5.74,"{""numeric"": 70}"
svamp,test,300,31.91,1.0,6.11,"{""numeric"": 300}"
aqua_rat,train,97363,40.6,1.0,42.37,"{""multiple_choice"": 97363}"
aqua_rat,validation,254,47.84,1.0,38.84,"{""multiple_choice"": 254}"
aqua_rat,test,254,45.65,1.0,41.86,"{""multiple_choice"": 254}"
